r_mean,g_mean,b_mean,r_std,g_std,b_std,r_mean_by_std,g_mean_by_std,b_mean_by_std,flavor
107.86491756931672,105.9885096623294,115.49581601834821,54.967292733392995,56.55270881254127,51.317433022447354,1.9623472833652595,1.8741544284581666,2.2506156137589315,island_punch
118.19079668926054,116.93596739216822,124.46572885089184,55.81605904882326,57.262082867084416,52.38621430309419,2.117505225259222,2.0421186505492233,2.3759252411476557,island_punch
119.3343545751634,117.90859668335419,126.77913146641636,54.483151514053866,55.962100326012134,49.87368134679929,2.19029830798942,2.1069365873773016,2.542004681484227,island_punch
108.4067069850223,106.43183438187621,116.07429970469609,56.643885577889066,58.29800919201455,52.642705645517914,1.9138289310318577,1.8256512676329069,2.204945552880769,island_punch
133.03194584486366,132.05454009739515,138.18156391908119,53.67453567033221,55.003666617891874,49.576231579313145,2.4784927188181536,2.400831584824561,2.787254285312414,island_punch
113.19760466280941,111.7477881135299,118.68884058434293,58.65768468346316,60.151274835026044,55.49470201638197,1.929800081160077,1.8577792144890541,2.138741830694147,island_punch
105.51433760386205,103.50292438379056,113.13745764285383,54.366137114090485,55.937619615490036,50.73839787084127,1.9408099086097308,1.850327652396723,2.2298192767310954,island_punch
113.06323536651405,111.67675872593905,119.61123910796042,55.42015561252127,56.88352101196383,52.07025797491666,2.0401103915516483,1.9632532715837163,2.2971124737960715,island_punch
115.49380385814948,113.97365600092411,123.21182626776019,53.91148572981554,55.38552791407847,49.38295968799266,2.142285679844955,2.0578237726240594,2.4950271722518655,island_punch
105.51672649385287,103.45533740706234,113.23665305712355,56.02127794317891,57.647433197282005,52.108884315263566,1.8835115935926356,1.7946217492982866,2.1730776727444656,island_punch
120.37818444787393,119.09222781452846,126.56775458133961,55.217479623097454,56.599702218951066,50.986421121138214,2.1800738691723947,2.104114034979026,2.482381618443631,island_punch
110.87814492710788,109.36927632502568,116.54798392161788,58.504246994694505,59.998831209952144,55.35227166616577,1.8952153155165459,1.8228567810315004,2.10556821632414,island_punch
105.46663662790698,103.52686046511629,113.20979069767442,54.35648056951159,55.913413901282894,50.738536906354994,1.9402771394118357,1.8515567775542487,2.2312387703772143,island_punch
113.17779593082051,111.81335118018016,119.74004788138409,55.440497467591484,56.873780034293986,52.09361848762624,2.0414282176486633,1.9659912021454964,2.2985550122579,island_punch
115.09942646618148,113.51978099324256,122.8760293526664,53.82242320632272,55.30689558842119,49.28560703591662,2.1385032410183333,2.05254299279471,2.493142252729507,island_punch
105.66702732809233,103.56387131235105,113.41917303530829,56.038410501783865,57.70126715236175,52.111086724484494,1.8856178535743557,1.7948283707338326,2.1764883475749524,island_punch
120.45086900199709,119.17519990130235,126.6357189121668,55.14507459329982,56.53112666291141,50.91977994767341,2.1842543489211637,2.1081341720275684,2.4869651644665627,island_punch
110.56811764118477,109.05652198837568,116.21673820139321,58.40453933032984,59.87935498051905,55.26983437615485,1.8931425349633066,1.8212708207003194,2.1027155140441813,island_punch
107.65198102269163,105.74926418335141,115.17990465312323,54.46917596749851,56.03664807736192,50.81871028707169,1.9763835070118747,1.8871447135338695,2.2664861820081463,island_punch
114.79597323281027,113.4389653526587,121.27129540340727,55.26899440333502,56.708811793885026,51.898247876323374,2.077041105453572,2.000376339482587,2.336712709307721,island_punch
115.19335572539053,113.6338127849615,123.031749850512,53.64879391961655,55.05580393049866,49.184859956982145,2.1471751237872723,2.0639751792274352,2.5014150687450876,island_punch
107.46052180579984,105.46451314661977,115.09578766968836,56.166216994585234,57.78719142247565,52.1897248679856,1.9132590292872973,1.8250499903271051,2.205334248471787,island_punch
135.802447367836,134.94992719309946,140.61991185363033,53.08637814226975,54.36388021345739,48.967356478332015,2.5581411299879964,2.482345385635177,2.8717072345094725,island_punch
112.81939827379773,111.42266974292541,118.23599044289918,58.80988625603848,60.26613647155053,55.51615686532855,1.9183747062971688,1.848843749848209,2.129758202278245,island_punch
107.66397703981761,105.74558125877991,115.19675920595077,54.45490062904416,56.01887905137268,50.8273664226528,1.9771219081500584,1.8876775660185,2.2664317928266637,island_punch
114.88391347557759,113.51956860483664,121.41550617768671,55.31246432632992,56.74308926386065,51.938842062220445,2.0769986453286693,2.000588443060618,2.3376629388894785,island_punch
115.43940431917531,113.88274193999385,123.26734800398923,53.685333155036865,55.09516549398206,49.210583170618655,2.1502968787732026,2.0670187832076308,2.504895086827307,island_punch
107.55657082993831,105.5625609985405,115.09263495787184,56.1656470826594,57.772554610230614,52.225210900467104,1.9149885457857632,1.8272095064989047,2.203775398384125,island_punch
131.23085949739925,130.28411042175847,136.44175126903554,54.46850003174127,55.77663797744794,50.243029788401195,2.4092982076048552,2.3358186356523674,2.7156354193539034,island_punch
114.38889062445763,113.05380089555348,119.6363167760075,58.89133277591714,60.33356799750361,55.574452949988114,1.942372251273544,1.8738126162243753,2.1527214470949296,island_punch
107.70157239196257,105.80171059271493,115.30829376548307,54.53466424553159,56.10380451926022,50.91120673502268,1.9749195100396593,1.8858206052032283,2.264890211022253,island_punch
115.01058537179019,113.67567725447243,121.48523305342583,55.30442456815004,56.73717514173936,51.9367909728563,2.0795910321798208,2.0035484137250537,2.3390977913309583,island_punch
115.01398927871814,113.44543759017489,122.85318178085888,53.593972349233525,55.0178083026263,49.109921136323,2.146024715788081,2.0619766779179303,2.501595989939259,island_punch
107.40308536922589,105.44470098401786,115.04133234714226,56.155946968501375,57.75616647876086,52.20366004926118,1.9125861314291384,1.8256873233231967,2.203702426967482,island_punch
114.32242459033503,112.98312284730196,119.59679922067981,58.842535222594954,60.285954146626096,55.5451630051453,1.9428534844371619,1.8741201735400428,2.1531451660264502,island_punch
107.67943645083933,105.78739294278863,115.15097065204979,54.573394574118666,56.140694611236945,50.91766776951609,1.9731123066679475,1.8843263995101078,2.261513060128601,island_punch
114.74141984359726,113.373619257087,121.25877321603129,55.32924027901123,56.76490959593823,51.95558959897257,2.0737935179479345,1.9972483011793498,2.3338927370853892,island_punch
115.3868365180467,113.86096218007046,123.21046872448146,53.70354663948383,55.09163474132748,49.22425713802683,2.1485887569520816,2.066755918837468,2.503043740792152,island_punch
107.54991875789854,105.57511383924094,115.03315435553505,56.180771066559615,57.79195879008471,52.23241449350909,1.914354621984092,1.8268132115527864,2.2023326984018743,island_punch
133.09445959177526,132.1840325374708,138.1941914589139,54.033573953065364,55.3243015828148,49.80166157098779,2.463180756974983,2.3892580431332675,2.774891180325992,island_punch
113.62550367804158,112.25737285771294,118.94158747311657,58.86918097398435,60.320344166308054,55.5667598449678,1.930135629511396,1.861020098761544,2.140516881044812,island_punch
104.77637559159314,102.76849159519625,112.36443311219804,54.170582644175695,55.754953543993444,50.577851851283384,1.9341932554025882,1.8432172401346685,2.221613393992866,island_punch
111.95798070752447,110.5791502887855,118.49888697256537,55.25772862015452,56.700387853177794,51.928812667727456,2.0261053702936547,1.9502362236943331,2.2819487079512926,island_punch
113.7939817027704,112.18086916620462,121.667784352714,53.60538932397489,55.06234635808269,49.095352705656644,2.1228086044676164,2.0373426957991847,2.478193508093399,island_punch
104.10329292267366,102.01178150159146,111.89691069088185,55.713712908455115,57.345775456214646,51.80498658700588,1.86853985290352,1.7788892152915563,2.1599640896142747,island_punch
118.88269031389936,117.55445260626917,125.15699179606267,55.11457201646934,56.485741768077176,50.91158547423311,2.1570101329712736,2.081134971882495,2.458320451626987,island_punch
107.04689523321474,105.40424152237541,112.96261862761523,57.89820158446337,59.38406364184113,54.79038276582538,1.8488811794447881,1.7749583820685042,2.0617234800205457,island_punch
121.33114047968674,119.95439386523087,126.90845814977973,55.89296125671153,57.45480037244792,52.31453129191457,2.170776744542543,2.087804553973426,2.4258739401034064,island_punch
104.7611081871345,102.76555847953216,112.29934795321637,54.27115059980186,55.84021491277186,50.63843530925328,1.930327752946461,1.8403503396264231,2.2176701801190064,island_punch
111.60287062008221,110.20019090330597,118.20891538640244,55.25881125913728,56.70033291671388,51.916744555192025,2.0196393674977617,1.9435545654586734,2.276893830674149,island_punch
113.79924247851858,112.21915822455306,121.64427058705526,53.611765673752515,55.11244475599163,49.10099083989602,2.122654254124537,2.036185451786785,2.477430058055278,island_punch
104.66100435976102,102.56946091208968,112.3215104611197,55.902276597619355,57.547223656314145,52.00086964959936,1.8722136329635295,1.7823528989801343,2.159992923541137,island_punch
119.15168487354399,117.82277052899157,125.44416267134308,55.18966851910419,56.59767644676047,50.971894264531805,2.1589490944722565,2.0817598517462725,2.4610457288543803,island_punch
106.42332776584745,104.80842678756065,112.37072695458522,57.81817758927607,59.31010236074184,54.75201288229027,1.8406551746035404,1.767126047938416,2.0523579141495256,island_punch
105.9244486251809,103.96432995658466,113.4553979739508,54.566854516422225,56.154847377113704,50.911061455569026,1.941186633605613,1.8513865643405887,2.2285019155015124,island_punch
112.86467889908256,111.485021076122,119.39066451772874,55.39841664656637,56.835632407103006,52.0795187704518,2.037326799773762,1.9615339243095886,2.2924686582447276,island_punch
115.89825484456631,114.37324002371336,123.5524079254511,54.00309877571291,55.50255919630139,49.466236611446085,2.146140822879776,2.0606840779935607,2.497711901876564,island_punch
105.3257648546144,103.25567176186645,113.00619239167912,56.002729900886806,57.660988667707876,52.11249859331757,1.8807255475049005,1.7907371022878966,2.1685045899175135,island_punch
120.59641375697369,119.32228881512845,126.75326546330288,55.197679808127546,56.59246724436673,50.98582670289465,2.1848094734448704,2.1084482551342716,2.4860490387244547,island_punch
109.54990098106667,108.02583995043352,115.3279826365264,58.34377900994451,59.8366351432449,55.20160761400415,1.8776620719476234,1.8053461678088498,2.089214202654285,island_punch
119.22883639536644,118.92731407253208,128.68323041088053,52.28783689531576,52.56220749147036,45.91638100609789,2.2802403670679983,2.26260120623418,2.8025560288340414,island_punch
115.26072637453115,115.81438111792151,123.20703895866278,57.44724576172828,57.32209979894705,52.58840736108413,2.006375150735574,2.020414142610472,2.342855491186391,island_punch
116.1402834687348,116.0840812314207,124.57670779909228,58.9702461766435,59.35851899000264,53.517780744404234,1.9694725899708858,1.9556431529393776,2.327762961511028,island_punch
138.6184003810214,138.4778712442897,144.92811642618045,55.58150595745135,55.961305058422816,50.26755177457138,2.4939662571779952,2.4745289821193546,2.883134573096408,island_punch
118.41305753070459,118.14228363410142,127.9706708594369,52.91661669353703,53.165347437305556,46.45812037214618,2.2377291846998784,2.2221670567171397,2.754538277363483,island_punch
114.66109248406676,115.22965910925791,122.67384667990083,57.990954491370154,57.8732391963371,53.10900114167324,1.977223749630296,1.9910698054818918,2.3098503839802382,island_punch
115.70224597852166,115.65572900174706,124.18007211958808,59.25669348181807,59.62715234160452,53.802377526341694,1.9525599418405446,1.9396487080106442,2.308077780740998,island_punch
139.47871376811594,139.34051630434783,145.56254723084885,55.12986369399049,55.52453155867032,49.88356138851681,2.5300028772485432,2.509530695582958,2.9180464100615984,island_punch
118.26858693199101,117.95936730348434,127.87388262537655,52.82095169847054,53.06255228758677,46.36424834406771,2.23904687683648,2.2230247550885194,2.75802773025518,island_punch
114.71075595758428,115.21844855763749,122.74913914332409,57.672182564796685,57.52329005170549,52.808905528668376,1.989013608574685,2.00298780640106,2.3244022559166133,island_punch
115.65238330686799,115.54871682720193,124.13439321473058,59.100547119869915,59.45524341705423,53.66258967013511,1.9568750027355508,1.9434571315548221,2.3132389617755478,island_punch
139.9101041692383,139.7369158265258,146.04056519315552,55.09852208161513,55.47001036486954,49.82990742133231,2.5392714520000252,2.5191434958704186,2.9307813871360953,island_punch
118.77447206706606,118.44158490820864,128.06315418825187,52.88921575455948,53.16133041512371,46.45333417698569,2.2457219373086796,2.2279650261445214,2.756812970632752,island_punch
114.06269514103592,114.51988052979121,121.98016145654414,57.65312394391212,57.52910653728092,52.84468875650325,1.9784304359986093,1.9906424316807048,2.308276656119634,island_punch
115.57750222416408,115.4238591858768,123.95177600688938,59.001720252858405,59.37335339750365,53.57661568624818,1.958883600831364,1.9440346987497221,2.3135424740668116,island_punch
138.45210475248507,138.2548966848152,144.70395103248083,55.552351753009724,55.93144246177017,50.25867614468151,2.4922816115518276,2.4718635994291427,2.879183498903079,island_punch
120.87863039705445,120.62607269903062,130.4215934914136,53.203570997285254,53.40081312028594,46.64239881429323,2.272002200815099,2.2588808231687225,2.796202528319509,island_punch
117.05945996068395,117.57869144319572,125.02126590260005,57.84066669674716,57.70604789826685,52.90815672818123,2.0238262566096448,2.0375453825997862,2.362986609888985,island_punch
120.17444982860818,120.10052404236191,128.17899591436986,59.35919407157712,59.70467487352425,53.804271107212585,2.0245296741006653,2.0115765523684295,2.3823200886590428,island_punch
143.61086982301148,143.46127905624363,149.24851141269272,53.37177887128677,53.7522777088693,48.244062218387356,2.690764161512181,2.668933953520114,3.0936141060652504,island_punch
119.39687047487418,119.14632532312298,129.04797335410566,53.03752042642223,53.27925343892053,46.522331248053945,2.2511774591821423,2.2362611642017964,2.7738930937495487,island_punch
114.97070999298248,115.4859028217302,123.03396134055609,57.99762698720354,57.89271689849234,53.09586882546636,1.982334725838858,1.994826102637752,2.3172040322946055,island_punch
117.06656420502574,116.97608698993314,125.35661415507569,59.23912059015582,59.62189159728696,53.773115691741666,1.9761698526037794,1.961965376409762,2.3312135170610473,island_punch
141.24990048602135,141.09845986760956,147.16744701187778,54.460844358143845,54.8465575531363,49.25109329011739,2.5936046741607197,2.5726037542267064,2.9881051806297276,island_punch
117.67850893419592,117.40730084292413,127.48808857202852,52.70998428543282,52.95453249882259,46.21446067766518,2.232565813280239,2.217134120587971,2.758618984244509,island_punch
114.5714776929357,115.1712971233732,122.73760169043845,57.75126563894768,57.59511653625054,52.82799444790984,1.983878213322969,1.9996712230087081,2.323343957557613,island_punch
115.95043713519878,115.89647786768205,124.35024361832711,59.22965032070903,59.60907823343547,53.76260688489461,1.957641764004437,1.9442756254981692,2.3129504096510827,island_punch
140.04799336587334,139.9096611045947,145.98213641580588,54.79782091500272,55.191795035895765,49.589471505027234,2.555721943452875,2.534972109778273,2.9438131116401722,island_punch
120.9696507936508,120.67605372405373,130.5867155067155,52.80047324731703,53.02801435725584,46.233771273645544,2.291071336179694,2.275703798958891,2.824487639864095,island_punch
116.945095798015,117.41256521394702,124.88978229952959,58.00210896046423,57.85713924291921,53.04868752260195,2.0162214425294067,2.0293531057762495,2.3542482977796384,island_punch
119.91439504750085,119.83159138927057,127.8788691399613,59.36675762984917,59.692948452574,53.858216737426496,2.0198912629718686,2.007466451158409,2.3743613674289605,island_punch
143.77159400654273,143.6118597965654,149.31603657879594,53.14528863304272,53.51203345215452,48.07446292405532,2.7052556812562636,2.683730191732851,3.1059324950686396,island_punch
125.16811170860942,131.32085541807444,69.48421207663486,18.51910421221848,16.429068731282648,65.2194476103569,6.758864266557039,7.993201414272858,1.0653909933699088,lemon_lime
123.36034167155393,134.43078921475967,77.79993440578264,21.180533449867763,15.581512908488136,63.59675651661429,5.824232046068892,8.627582572006059,1.223331796574529,lemon_lime
122.3867751829111,124.96397446747214,69.90901261021182,20.61366261083509,20.733991153567704,64.90690090104168,5.93716786257001,6.027010117922692,1.0770659458351963,lemon_lime
125.60248499883383,128.36838058082253,74.28109605693729,18.470619391116887,18.57210585442607,64.94354084791887,6.800123067840382,6.911891499381586,1.1437795828053876,lemon_lime
122.3757192904586,128.43892305903861,71.2354596325476,21.464919543131096,19.390551876898215,64.40192473583436,5.701196272576739,6.623788939811454,1.1061076190617476,lemon_lime
126.48552857142857,132.70935,70.49375714285715,18.395981156788483,16.204536767923763,65.14308956563279,6.875715271362566,8.189641697298802,1.0821371478218493,lemon_lime
124.27879860531095,135.60618926407616,78.16743063012899,21.17998266606138,15.464103288203198,63.63429084154354,5.867747890297107,8.769094899121855,1.228385350043023,lemon_lime
126.28779607610788,128.87555310181384,78.8814456728115,22.315160550417353,22.28761655671067,67.48192749587648,5.659282432263117,5.782383808241271,1.1689269794143269,lemon_lime
126.9951447740113,129.7630678193913,75.39486086431566,18.808928018270127,18.770944617748516,65.9235729678444,6.7518544730807655,6.912974837542073,1.1436707306670268,lemon_lime
123.31792463016953,129.51048752834467,71.19186507936507,21.73911552174947,19.59012596846899,65.31704931039492,5.6726284244082,6.6110084098895765,1.0899430674072903,lemon_lime
124.62042651441385,130.91324761736155,67.56920347584905,18.159849278618694,16.038695575098032,64.22571064327356,6.862415243784058,8.162337579411371,1.0520584793704522,lemon_lime
122.47269018659817,134.01783911487772,75.3859258140062,20.98856242921973,15.400465808940767,63.054423850598035,5.8352109916825405,8.702193867218837,1.195569179929811,lemon_lime
124.15416975048703,126.73379328336836,74.97552935371633,21.962765609182103,21.99633406088025,66.77345861214393,5.652938794674435,5.761587041395239,1.122834295422893,lemon_lime
124.90330555373535,127.70790467566972,71.59864388302783,18.645472782036244,18.645427297121653,65.07950568388615,6.69885430173012,6.849288173480709,1.1001719071255305,lemon_lime
121.67938840902758,127.94981331847312,69.08719420451379,21.591190202478003,19.494539821637876,64.59906631239525,5.635603561820438,6.563366690833902,1.0694766681365697,lemon_lime
127.1894577186931,133.34694890317078,72.59875307101694,18.69457715081171,16.40465351040409,65.89972742992101,6.803548253198687,8.128605021654378,1.1016548307915204,lemon_lime
125.30931167143312,136.45147031927996,80.5010431182519,21.43504465622293,15.636891480502015,64.2256640480696,5.846001894614847,8.726252944162484,1.2534092766717213,lemon_lime
127.0835263710057,129.61635373090766,80.91587413856116,22.031602669913863,21.995613211162325,67.38343875288955,5.768237938702013,5.892827469121434,1.2008273195331889,lemon_lime
124.38722430023718,130.52888382735526,73.56450407999081,22.065477268702313,19.934480894824507,66.04892778495066,5.637187122014718,6.54789480177755,1.1137880136299894,lemon_lime
129.29590922816303,132.03511932484096,83.13522245139234,19.24979337792401,19.11711256366625,66.57193531184879,6.71674270418101,6.906645492886059,1.2488028485570486,lemon_lime
128.21284742163976,134.29784716058407,73.27464104839973,18.913752993934718,16.686334647417308,66.67597180055397,6.778815788847152,8.04837311478531,1.0989662253080343,lemon_lime
126.85880171740827,137.6920138626577,82.72358729319332,21.73244694975925,15.825779473556459,64.93203728664689,5.837299500174949,8.70048859790631,1.274002645689437,lemon_lime
125.6802670633955,128.2898500464097,74.65994296780173,21.092236356559305,21.164910127525715,66.71521249816618,5.95860320066588,6.061440812808565,1.1190842413917803,lemon_lime
129.11238552103254,131.82073315572407,79.78063214727402,18.869359322821108,18.873547334652713,66.58465047964472,6.842436105654131,6.984417439836286,1.1981835388872901,lemon_lime
125.20233964482753,131.25509189024615,73.98626370742103,21.864898797577112,19.67775064729599,65.9973641388699,5.726179700346997,6.670228434279022,1.1210487672165377,lemon_lime
124.8452694714489,131.11559749090716,66.94310865456298,18.361880686973834,16.248549172712796,64.73080860154789,6.799154814246006,8.069372600422552,1.0341769259616846,lemon_lime
123.93667186442576,134.99729299389276,78.7987693331116,21.393642301739295,15.69636375446216,63.93555002923818,5.793154345408017,8.600545649021146,1.232471907992914,lemon_lime
123.20367503197849,125.72879818319821,71.30584745275802,21.10521149034054,21.226084637878255,66.00900425105932,5.83759490343731,5.923315596265613,1.0802442524591436,lemon_lime
127.62158677071216,130.31642435685308,79.40421240374683,19.147076341087654,19.090669021836394,66.15721747213342,6.665330230957996,6.826184258277896,1.2002350678849707,lemon_lime
123.29845342687905,129.34863636483888,72.77345851951206,21.951932354468898,19.836404152586624,65.44855175505671,5.616747147172143,6.520770365932078,1.1119185462173258,lemon_lime
129.07036544139018,135.2376095635813,74.31434040047114,18.87664109300973,16.558317594494625,66.69751211435884,6.837570561702666,8.16735207498047,1.114199586231231,lemon_lime
127.04529278776376,138.14083084459082,82.52029836998996,21.629586821601528,15.788950309726614,64.92012570389309,5.873680983165303,8.749209297307791,1.2711050306090432,lemon_lime
127.51073277111853,130.11047860231835,78.4676937265958,21.985339619730304,21.98964163703186,67.99583012252192,5.799807279605841,5.916898544776855,1.1540074381797323,lemon_lime
131.2897985964512,133.92451931305985,84.41304701317966,19.659514193296392,19.581192389272132,67.53942473470643,6.678181225923635,6.839446579690036,1.2498336689237806,lemon_lime
127.26496801193717,133.18836395426962,78.48969933109736,22.59199366149767,20.36885408150532,67.28226823429772,5.633188903944678,6.538824590785551,1.1665733244570753,lemon_lime
128.10328484615587,134.10955012790518,74.43816660450362,18.77304594252706,16.52305987714867,66.13162518151985,6.823787958455918,8.116508148310846,1.125606189174752,lemon_lime
126.22832720334344,137.1049566808364,82.7923936971086,21.586695259736942,15.695224259600202,64.34787588963674,5.847505868060402,8.735457003551527,1.2866375548915727,lemon_lime
128.89249928621066,131.40639797660927,85.9769863545028,22.475808336873055,22.41501272531702,67.62079605200314,5.734721410431053,5.8624279890856394,1.2714577670511746,lemon_lime
129.92413963136775,132.5878661384298,83.61304807408919,19.455995811335207,19.33830878190316,66.87638058689099,6.6778457854967765,6.856228620286893,1.2502627585452628,lemon_lime
125.44966156724631,131.46693401937046,76.30964258199428,22.347025775753494,20.136560772994635,66.53456412770888,5.613707292688546,6.52876802058881,1.1469172990375764,lemon_lime
125.10793569182701,131.275334691214,69.31803871937353,18.451985558023907,16.316302184017644,64.85592371192408,6.780188251200067,8.045654781988686,1.0688004233394193,lemon_lime
124.08134988658598,135.0248610461794,80.37548871920073,21.4437886318627,15.664476466803976,63.74897848661541,5.786353895608593,8.619813201693841,1.2608121828348384,lemon_lime
124.30598211921753,126.83957477725988,76.07905196140608,21.851603640918466,21.883887647028406,66.59669059320845,5.688643458938042,5.796025679855989,1.1423848735385156,lemon_lime
127.75135255167959,130.37778152685493,81.04887931432263,19.485893551114973,19.4228784552117,66.16263036621308,6.55609414146521,6.7125880351617475,1.2249948175535572,lemon_lime
123.31640443750791,129.28272240266588,73.98356322323927,22.310362376817984,20.186955683855977,65.67243860053456,5.527315171072354,6.4042703826836345,1.1265542257880623,lemon_lime
127.19224835050667,133.32304289845635,71.73180323928702,18.662974984308597,16.418782501700605,65.81149160134062,6.815218284193544,8.12015402997434,1.0899586302314686,lemon_lime
125.54842361730655,136.56509958801362,81.0007530185959,21.448995650547776,15.720040854608946,64.32808283523804,5.85334743233538,8.687324724603004,1.2591818292807073,lemon_lime
125.94721243733912,128.52457476813933,77.0616185907305,21.893312950578686,21.937108759746266,67.41952264493003,5.752770844761988,5.85877456212356,1.143016378157723,lemon_lime
129.27078291222202,131.93333623005788,81.71879322456132,19.58204025866038,19.495415279970793,66.83075057413845,6.601497147624877,6.767403224572682,1.2227723394174195,lemon_lime
124.92942993953375,130.9940540351613,75.02265142777253,22.4079989548686,20.25807840357405,66.38411897144918,5.575215805353751,6.46626256575503,1.130129503715168,lemon_lime
127.01075537963017,133.2446029066496,71.30119913848303,18.651554275870897,16.4110429817166,65.79243309089436,6.80966065889432,8.119203822395459,1.0837294775218014,lemon_lime
125.09115543606474,136.35818022096356,79.59562217286732,21.449350214750893,15.699379513166832,64.29119297826,5.831932165014422,8.685577675640111,1.2380486111026514,lemon_lime
125.69845146190059,128.26723727116058,75.80568354574757,21.745722193457024,21.781184777932463,67.26316909575304,5.78037603642897,5.888900837070815,1.1270013673877566,lemon_lime
129.33117979463856,132.03741845266808,81.99147629384605,19.437005523031136,19.350650268084184,66.79973162008415,6.653863407168997,6.823409891834114,1.2274222411575426,lemon_lime
125.14281257355675,131.1781253873699,75.2229523540251,22.384342027475824,20.22672070247734,66.44416937922317,5.5906406549698575,6.485387686759495,1.1321226987532635,lemon_lime
148.25952098745248,158.01645481669186,75.20589773981281,13.145874004205654,9.985755529519215,51.896408619979844,11.278026926168698,15.824186196985726,1.4491541850327372,lemon_lime
154.72429014924143,156.0492314462425,88.86394312255261,12.582151930160176,11.976293548425668,56.53991117766147,12.297124610167677,13.029843566815027,1.5717029134220173,lemon_lime
151.40248507616928,150.85215985215984,91.26157250367777,13.077038417630515,13.770828172190127,56.49227894572249,11.57773497644909,10.954472597138517,1.6154698342292306,lemon_lime
150.17294777880224,149.55573624895032,75.17517659956005,15.015605655963206,15.773979520232377,55.9444697162901,10.001124910946464,9.481167137127557,1.343746343129074,lemon_lime
158.4129517055049,160.15428189925825,81.46779116164458,13.067173572295713,12.608014882592395,60.44638974559944,12.122969885497131,12.702577161483186,1.3477693457709858,lemon_lime
153.80443901394435,153.80612016499504,99.50582104607322,14.28191641106531,14.397437147834953,62.60045891860989,10.769173729008811,10.682881861937767,1.5895382041119845,lemon_lime
161.06012927836963,162.29650642601737,106.56755109035298,16.60436775985825,15.953665336184745,67.81094860391745,9.699865216653368,10.172991786276867,1.571539010799158,lemon_lime
148.47667676956868,158.33319569548263,74.52570280440668,11.856031540292317,9.204668970554334,48.84180027033027,12.523303119174049,17.201400311297377,1.5258590467984552,lemon_lime
155.26848257259215,156.56866768921563,89.35708467763263,11.845960416965948,11.278012923609698,54.533342217730215,13.1072937193184,13.882646592951719,1.6385770804375952,lemon_lime
151.1869859525731,150.62121430493102,91.87395028632922,13.286682579299816,13.960281475172154,56.59131518777237,11.378836293426405,10.789267721629058,1.623463776755984,lemon_lime
149.86890888671732,149.23937108936306,75.23878282261083,14.781195529302956,15.516868646517269,55.04669077963204,10.139160163980645,9.617879385919759,1.3668175462865448,lemon_lime
158.9491160051609,160.59637236366424,81.6764301043676,12.363822330041904,12.07094021569317,58.56309767985097,12.855985128396954,13.304379732978575,1.3946740070149828,lemon_lime
154.1950314375774,154.1804648356306,102.9082822330027,13.986879503822642,14.134005957118971,61.89306482950359,11.024262516556004,10.908476004849389,1.6626787268732524,lemon_lime
160.7635363943509,161.9517417250262,106.6691097849866,16.585136555699524,15.988953527659307,67.14207756250106,9.69322958870086,10.128976949296009,1.5887073152553361,lemon_lime
148.4532494848901,158.33258070054944,73.92035113324175,11.803209985804502,9.255977592358846,48.66434567687294,12.577362400858075,17.10598141802535,1.518983767378,lemon_lime
155.13427265259475,156.43470838244224,88.43721918639952,11.826282417498293,11.31793533362818,54.34019120656771,13.117754774996445,13.82184150828631,1.6274734634299695,lemon_lime
150.76255898167454,150.20541107331408,90.67033663752636,13.312744549601106,14.01028998965911,56.393833954734994,11.3246790261736,10.721077949434278,1.6078058588870496,lemon_lime
149.54232951193612,148.95336650017697,74.23354111770952,14.833702541240154,15.563001394376442,54.80271235271025,10.081254433691361,9.570992299338867,1.3545596181433952,lemon_lime
158.8739466998338,160.5296146896455,81.0589976814122,12.395063921001489,12.150581849506604,58.41741714959761,12.817517336933362,13.21168127402591,1.3875827045525333,lemon_lime
153.38358181592963,153.39755629877368,98.37017217886783,14.1841021920554,14.371825209943587,61.72777228770459,10.813767395291377,10.67349164479407,1.593612867160961,lemon_lime
160.5136783425374,161.7129979453805,106.05007548380031,16.66723284366155,16.077122985919203,67.20733158456197,9.630493546718512,10.058578147782615,1.5779539669770317,lemon_lime
148.00944121667806,157.8388371496924,73.6544471975393,11.914358747164389,9.268991129730159,48.771135167807586,12.42277862851026,17.028696536716552,1.510205717872166,lemon_lime
155.53031437802792,156.8430063642646,88.02397724929176,11.792831943511446,11.263275506441047,53.98074933834295,13.188546663178942,13.925168240319783,1.6306549710447913,lemon_lime
151.1606442180017,150.59245776577598,89.80754273153605,13.319002104494489,13.97205395568253,56.12613610213576,11.34924696550597,10.778118825151616,1.6001020018215473,lemon_lime
149.46642623869522,148.80038358970396,75.23408634150113,14.904806296933156,15.639873001707413,55.280418953729935,10.028069017538977,9.514168278313983,1.3609536209281001,lemon_lime
159.13407518331096,160.85126316740678,81.02580230816896,12.357999196199211,12.081820641182212,58.28786254163901,12.877009672589537,13.313495369988162,1.390097333733703,lemon_lime
153.22538505696244,153.2012244521048,100.23251166904188,14.120582551973673,14.276076420349453,61.78298028411829,10.851208474790985,10.731325606644148,1.6223320922381481,lemon_lime
160.43974815563575,161.65004943118225,105.82520036932995,16.654743400987236,16.05460251884619,67.19393981002945,9.63327649623983,10.068766837511198,1.5749217960506365,lemon_lime
153.04844903207623,162.73973067235033,89.75242641489493,15.91150668002584,12.275022004706551,57.0212435854281,9.61872763590655,13.257795432867805,1.5740173446134968,lemon_lime
153.52994130643773,154.1356571823717,73.31724882359886,15.890091014181094,16.211921561760906,61.03871460643465,9.661992569420786,9.507550144205718,1.2011597769765259,lemon_lime
154.66553861892584,158.90169616368286,85.57525933503837,14.678826149231442,13.17656936935569,59.310927856027426,10.536642170601894,12.059413319921896,1.4428244916816262,lemon_lime
158.15268987089766,159.5771062346904,111.5672889783619,14.769645104308015,13.924073938895518,61.042445297292,10.707954643051487,11.460518447042112,1.827700191809179,lemon_lime
154.84417673393173,155.45458669846198,82.8943705803394,15.043053496319885,15.45063769485253,59.671193927227165,10.293400656443364,10.061370266306392,1.38918572136221,lemon_lime
153.49237834954366,158.48257543095573,82.08879259318802,16.61362727307939,15.234126890606074,59.512810839673044,9.238944381415228,10.403128224478815,1.3793465883225455,lemon_lime
156.46319143041833,155.62374180441407,101.76669744821005,16.89835380330695,17.769435552153126,63.3029985278471,9.259078916894202,8.757945143933236,1.607612590475358,lemon_lime
153.401908277327,156.4180067555803,87.63816554654038,15.879893745417997,14.998484896032075,59.02600545172179,9.660134427636821,10.428920510295109,1.484738207775569,lemon_lime
153.05360772357724,153.16337719298247,85.73484970047069,18.69961944439495,19.1620805721885,61.149879237227104,8.184851471373324,7.993045254975132,1.4020444646810788,lemon_lime
156.62717222443007,157.75544636728205,106.27991308521675,21.082070213002517,20.831184253955417,65.86215194801142,7.4294018870987895,7.573042628977155,1.61367203988581,lemon_lime
153.33682800172386,162.64833565884527,92.02488084418216,16.293222465307462,12.434827620469912,57.95799977243647,9.411080486270787,13.080063562047094,1.5877856586753212,lemon_lime
154.07434164434372,154.68504018133115,75.79131671131259,16.169287046934716,16.43546398460665,62.204030654364026,9.52882716455654,9.411662507745943,1.2184309587982516,lemon_lime
154.83180501930502,158.87069593012217,88.17954459142983,15.086312772940602,13.4779599232676,60.47755310320501,10.263064762717725,11.787443859055898,1.4580541054786285,lemon_lime
158.70100226661,160.03223426358787,115.7070406573169,14.74392059268728,13.830342503300928,60.8006270348446,10.763826437407893,11.571096972138797,1.90305670023774,lemon_lime
155.1938356860695,155.76466466248402,85.58734169861741,15.343228400279664,15.669420623332481,60.780388778207026,10.1148097152253,9.940677987196498,1.408140741102087,lemon_lime
153.6861960683099,158.45447799716092,83.5950911228689,16.794221063439213,15.272198316714903,60.10472769697982,9.151135708394515,10.375354923445295,1.3908238890011548,lemon_lime
156.7879781420765,155.9085702040379,102.47219237421744,16.84782636299742,17.689947011697072,63.32000984073084,9.30612500176445,8.813399503172446,1.6183224328607386,lemon_lime
153.75996932255097,156.73103614441476,89.73519321023893,16.109720938150023,15.122496870817063,59.930715251783575,9.544545800196099,10.36409777322352,1.497315572377861,lemon_lime
153.40741553896717,153.49133434460367,86.50664311471266,18.74290734157628,19.13186740106824,61.29655281481124,8.18482494434962,8.022809855771495,1.4112807187716736,lemon_lime
156.7695501209687,157.8900883473318,106.31515388824205,20.863767876468213,20.601125830861605,65.79635050902453,7.5139615743993025,7.664148534581731,1.615821440942382,lemon_lime
152.86522589195502,162.42538282879974,89.84306315527037,15.948198746562692,12.247724740187946,57.07356726314017,9.585109160048685,13.26167808914256,1.5741623918660106,lemon_lime
153.4500891265597,154.03435807756966,72.95462993469684,15.832530251735513,16.122199133333503,60.76170463360868,9.692076167657344,9.554177863930203,1.2006679268564164,lemon_lime
154.5121119281046,158.7179656862745,85.50301062091503,14.716342468623477,13.180693351796764,59.287203777756886,10.499355546905615,12.041700800560573,1.442183222899672,lemon_lime
158.003301121039,159.44955644181974,111.24955899835103,14.796313151117516,13.905424065329145,61.01358839369043,10.678558875263162,11.46671656273904,1.8233570902355847,lemon_lime
154.6400933578668,155.2037207408301,82.18445342664093,14.97473600788783,15.345747945363911,59.364393755819655,10.326732523125033,10.113793168857471,1.3844065141924262,lemon_lime
153.5004553568176,158.37482058941387,82.13073840661542,16.60256975192199,15.142999110511179,59.43938077871479,9.245584126460164,10.458616515369236,1.381756292387662,lemon_lime
156.3868919830706,155.4888180089554,101.59813531251916,16.911284402267516,17.76111703999177,63.20538906883444,9.247487551099416,8.754450390639814,1.6074283666203324,lemon_lime
152.97947110948627,155.95648404449784,86.88597343361013,15.88706190460415,14.941779987140135,59.237004605155995,9.629185813466998,10.437610791935372,1.4667516362913389,lemon_lime
153.08818226411591,153.19155099497542,86.05676530246987,18.79363133524577,19.20309741880061,61.25314058158616,8.145747861777663,7.9774396626762245,1.404936375267918,lemon_lime
156.52209055077273,157.6531091173115,105.75573073332642,21.042221363120884,20.77282472485291,65.78865066215774,7.438477518590181,7.589391967896066,1.6075072169576832,lemon_lime
154.21073160535116,163.40717809364548,93.6772491638796,16.48931810055847,12.57121138417768,58.44938177509694,9.35215942011139,12.998522823290703,1.60270727112792,lemon_lime
155.9999879619598,160.08514505838448,88.16815537097227,14.897104516128039,13.335181692481795,60.03966431288307,10.471832817784803,12.004721701590196,1.468498473134426,lemon_lime
154.404859226317,154.97966057355873,76.27408766881398,16.352516125079216,16.610229143601718,62.43124245293212,9.442269192415734,9.330374628411258,1.2217294526265146,lemon_lime
159.84265350877192,161.23349810991567,115.6291163855772,14.80118141537541,13.898110120354755,61.067584472118966,10.799317231712868,11.601109554728447,1.8934614392414502,lemon_lime
156.34157327820694,156.8875711746999,86.5100859536503,15.37023000326641,15.682516211225709,60.88147269266111,10.171713321465063,10.003979531192714,1.4209591543615627,lemon_lime
154.51213991769546,159.262601106854,84.84701646090535,16.989191638475,15.497673479807126,60.510427602402196,9.09473170976397,10.27654901326751,1.4021883470798184,lemon_lime
154.3088664087104,157.14052886439782,92.54666727209629,16.46878243009875,15.419322677662992,60.93576525374911,9.36977988893045,10.191143421107432,1.518757775285382,lemon_lime
154.35014850480565,154.39319952527657,91.80401670141002,19.275511691337268,19.636503319554823,63.10625308602872,8.007577229411407,7.8625607121979595,1.454753090414978,lemon_lime
159.32276602231843,158.55477285200317,115.53639368254161,16.823759740149296,17.626413180451305,63.426654477185956,9.470104690219774,8.995294234214901,1.8215747722292226,lemon_lime
157.53900971592125,158.59360822835336,109.73368591678187,21.09662484983935,20.76328222695963,65.94185665493357,7.467498276963526,7.638176204262684,1.6640976078518093,lemon_lime
154.3144483232836,163.73826721675658,92.69888501004972,16.26829440345068,12.455108817759056,58.02503803584972,9.485594770804731,13.146273518163982,1.597566983976424,lemon_lime
154.31303769653036,154.8866103935067,76.14716971952613,16.36880119233739,16.62500847440832,62.46718547094242,9.427265679588547,9.316483094245102,1.2189947273188284,lemon_lime
155.89491260703383,159.94061830425466,88.90975410672381,15.077221228997336,13.493949336356053,60.52141828410529,10.33976422042599,11.852765585337933,1.4690626331550154,lemon_lime
156.35017455662617,156.8828201368524,88.36263091746963,15.575667488696151,15.87697780769267,61.650454154201256,10.038104284782362,9.881151314631174,1.4332843468834047,lemon_lime
154.5050330126125,159.3333321576705,84.74720662509523,17.006092799301623,15.51880452073182,60.51911242195073,9.085275191427712,10.267113806660465,1.4003378971294496,lemon_lime
154.60158335634722,157.5106751620836,91.48546179034994,16.377570249174724,15.367285096027318,60.76320441622897,9.439836374027319,10.249739897309679,1.5056062738836646,lemon_lime
154.82385256069466,154.92598092235116,92.09165154264973,19.282089726998024,19.66232805873237,63.178336300027084,8.02941251455315,7.879330487192534,1.4576460371687605,lemon_lime
158.93386024161688,158.15862232506748,111.7796496659266,16.928038951192725,17.745484670806764,63.800229448999616,9.38879339183105,8.91261215227643,1.7520258254757624,lemon_lime
157.36917056280396,158.38621068799475,109.58241445577453,20.985396342388185,20.716603978599615,65.86517241899963,7.4989849129003865,7.645375219394488,1.6637383678079327,lemon_lime
107.89112293246232,158.4274811587751,166.9893630552994,43.75445926075744,14.93865342009545,12.859157935625111,2.4658314776438766,10.605204947432458,12.986026292800306,berry_blue
115.60748477377945,157.6192531796677,165.2351838137075,51.74282442023299,20.449320397273897,17.615463661249095,2.2342708591797216,7.707799091488632,9.380121181663567,berry_blue
118.43482982116801,157.55865808945316,164.25754909517508,50.40535723652525,19.369694359313772,17.271287522795514,2.349647662755707,8.13428726167237,9.51044031189798,berry_blue
107.45495784402289,152.81460102378801,160.1549337548931,52.38100195060886,24.137484907421875,22.01102106961851,2.0514108902564407,6.331007626101097,7.276124685371939,berry_blue
115.91018614348124,151.80017066884272,158.07340252968046,54.04512518698656,24.47611271656832,22.284393632697896,2.144692712662845,6.201972201496133,7.093457651804325,berry_blue
128.8589905628581,166.00260114344206,173.50121007002957,52.239332950369224,19.232249965628384,16.11881278583599,2.466704364033181,8.631470651646046,10.763895106622835,berry_blue
107.05784526881648,158.0638959819201,166.67092700085567,43.46213646644498,14.88797944674033,12.853872275876766,2.4632439629715552,10.616880319278492,12.966592745257927,berry_blue
114.1422783933518,157.39407894736843,165.14162915512466,51.56316540846351,20.427313615193672,17.676873724123947,2.2136398626647664,7.705079674808536,9.342241831470059,berry_blue
117.10373518979334,156.79172758579512,163.45765676791345,50.20783381169298,19.426306386245113,17.281051266321107,2.332379756294542,8.07110340320856,9.458779691631069,berry_blue
106.2896468536897,151.8805100736866,159.25019257640358,52.14453361660911,24.148547019214917,22.03825036612808,2.0383660468646756,6.28942643848658,7.2260814688431365,berry_blue
113.62631184643763,150.4609112256911,156.8461329253782,53.63266811800571,24.366018701124453,22.294414582922386,2.1186026321948113,6.175030605995043,7.035220967206872,berry_blue
128.6195621805832,166.1369763548876,173.64774362450476,52.34309348627481,19.33891988492124,16.27160886654679,2.457240365709552,8.590809483854699,10.671823852742154,berry_blue
119.27784153970336,159.14903579356272,166.50305216426193,52.05881934260352,20.800822299746628,17.931545517802114,2.2912129596087407,7.651093476025767,9.285482503388273,berry_blue
108.5661945465778,152.17322912163405,159.4149292105222,52.5314888313978,24.4130679465658,22.337644812767042,2.0666879420651094,6.233269388947912,7.136604174107418,berry_blue
130.41352764423078,167.08277418870193,174.49158052884616,52.40508756903598,19.52370366126264,16.45011369902747,2.4885661620626087,8.557944593279917,10.607317598003114,berry_blue
120.9095931043597,158.95948517642913,165.97604734144872,51.830393624409346,20.756202864473163,17.758106989426878,2.332793263746655,7.658408727952267,9.346494389310209,berry_blue
108.11680878232751,152.60141376456485,159.9460786658376,52.3338608187611,24.23842328065772,22.066071369190595,2.065905459502595,6.295847382380722,7.248507266642842,berry_blue
130.26368096803768,166.77273616374458,174.02040535980387,52.44661409174894,19.526050795815102,16.34865828100327,2.4837386211463963,8.541037709452644,10.644323367013623,berry_blue
139.54265470347244,168.1129747252488,173.7712312456443,50.13912897083488,18.805706129432473,16.126563695606446,2.7831088726061064,8.939466222017487,10.775465531630081,berry_blue
108.49614298866021,158.7832220006719,167.2056323709712,44.323414848391714,15.397170037538945,13.207774639773515,2.4478290619026395,10.312493894238472,12.659636988918097,berry_blue
116.38429508789817,157.9977848673716,165.4708464207601,51.73494861489503,20.662269372248048,17.742423709326594,2.249626185081199,7.646681108493432,9.326281974304202,berry_blue
120.5255057816516,158.24142834785016,164.569033702725,50.689421903231846,19.889264191987746,17.556492348076674,2.377725001712185,7.956122801747319,9.37368526924193,berry_blue
106.0478461725734,151.6170569356242,159.07365825562098,51.735215776237325,24.02625429515459,21.933312047690457,2.0498193460958287,6.310474161850564,7.2526054391484935,berry_blue
112.72566750629723,149.81648110831233,156.2909886649874,53.15210985450101,24.185765760071536,22.14751470166254,2.120812660398116,6.194407181253921,7.056818373090645,berry_blue
129.33330901890523,166.4662276392742,173.80535920388485,52.45824454766591,19.529049940709555,16.36127482128183,2.4654524781397744,8.52403102786197,10.622971687866801,berry_blue
109.31903962528708,159.13294704025614,167.5060914615835,44.5739142981646,15.444885546221183,13.276493049928142,2.452533984204938,10.303277843272225,12.616742300218364,berry_blue
116.98800729594163,158.33105172301478,165.81176470588235,51.77175570796494,20.598488418502473,17.731469972310364,2.2596878490242767,7.686537405375573,9.351270084477802,berry_blue
119.26617101516202,157.68145616870623,164.1501901023628,50.48269805999653,19.73523907141082,17.490373722181022,2.3625157845846365,7.989842717290883,9.38517339364739,berry_blue
105.71879774637128,151.39520865164246,158.845703125,51.485183738545786,23.909150425287816,21.92346974501255,2.053382936015862,6.332103230716111,7.245463650257112,berry_blue
114.00285221674876,150.20256157635467,156.549710591133,53.30783061302885,24.220061013693048,22.17257418747328,2.1385760948389745,6.201576515081287,7.060511299566563,berry_blue
128.8648868652254,166.39128882624354,173.83407053602548,52.56314169015382,19.524283038484143,16.393014838597583,2.4516207121874625,8.52227395486283,10.60415501648487,berry_blue
115.1701564958909,157.65095430884904,165.27530028111423,51.53190798633545,20.51717651112633,17.705975259295073,2.2349290176957974,7.683852318731867,9.334436418256598,berry_blue
105.97782828282828,151.52300950683303,158.95036838978015,51.59326836189068,23.921931590606704,21.93570656217658,2.0541018556814032,6.334062487091584,7.2461932301672904,berry_blue
112.62360745315291,149.6399900604446,156.08644007507644,53.08438167266197,24.163082458230416,22.172673838463094,2.1215959177528325,6.1929180732268,7.039585807838484,berry_blue
128.92755744485294,166.3680047487745,173.80891620710784,52.52510231836309,19.510156999638046,16.386032281379688,2.454589363070676,8.527250946871467,10.607138642379955,berry_blue
137.23431843945284,166.52980859910838,172.26356202846364,50.28897666435366,18.965170108982264,16.326535842346836,2.728914516503348,8.780823353661178,10.551139794251776,berry_blue
146.2521617363907,111.26390571211856,113.57407783417936,29.498377149817408,64.23061685453057,65.05952158546421,4.957973145220837,1.7322565337354447,1.7456949431296527,sour_cherry
145.98891817327106,102.43672261524945,103.99449982055059,28.79520704908772,66.74223704428641,68.15442870237075,5.0699034017849245,1.5348110454745199,1.5258656231232284,sour_cherry
142.43713730581877,110.25819129441881,112.32562777977292,33.3468214704962,67.31083473046058,68.24077652691628,4.271385728077288,1.6380452231195255,1.6460191911132225,sour_cherry
155.1424737177571,128.07404419940184,130.37364674324775,31.420131033884633,64.30629866398198,65.11503771188187,4.937677489328282,1.9916251885157283,2.002204887296837,sour_cherry
146.42892358835098,111.38313044292536,113.65081000093642,29.486051467249226,64.26798023252265,65.10262470638382,4.966040425961837,1.733104573069502,1.7457177880846955,sour_cherry
145.72877404399142,102.01393312806356,103.53567225849835,28.717301862648196,66.67347806611141,68.05336749128946,5.074598398588999,1.5300526699223582,1.521389404745481,sour_cherry
142.77040959773367,111.69805646604955,113.76866216105601,33.30192999915657,67.04193568280475,67.91966570268559,4.287151213198442,1.6660923544112172,1.6750474400017183,sour_cherry
154.84350816178235,128.01886367524253,130.30499923883002,31.381740901781782,64.11242106276872,64.89664725707262,4.934191147852817,1.996787230198447,2.007884917731694,sour_cherry
139.0876384000822,105.48953777178065,107.86359555605432,38.032925115836306,70.79609026571076,71.24251723809145,3.6570323733045798,1.490047506519908,1.5140340310488436,sour_cherry
144.77444747349307,107.90894630337874,110.10601285394104,29.309531263470326,64.19034017961754,65.04884179073714,4.939500607228455,1.6810776512700776,1.6926667688896495,sour_cherry
145.30868710656625,101.15417006187486,102.60630434198626,28.671167367167847,66.54334333379435,67.95384996062013,5.068111990199719,1.5201245533225747,1.509941002628218,sour_cherry
140.61078890813903,107.68636806877029,109.72006967915401,33.43517742791787,67.22667737231309,68.15812001919319,4.20547458470285,1.6018398094016213,1.6097872072800286,sour_cherry
145.6693541877797,125.01776521707936,127.00714666869949,38.8160629329446,65.0465453235133,64.80129687538648,3.7528111606637173,1.9219739433554115,1.959947605877942,sour_cherry
154.38332001065814,127.27617627291202,129.54698450195067,31.4529261618466,64.20028344307224,65.00137300904343,4.908392917601733,1.982486204843169,1.9929884324739913,sour_cherry
138.57572221336042,104.30580275312798,106.66642949692029,37.942647042117365,70.7502581184057,71.20790003641163,3.6522418180138465,1.474281586062409,1.4979578030299616,sour_cherry
147.42883844509905,112.68868480332698,114.9601871426096,29.462941839009144,64.38263542897718,65.21895119231259,5.003873654256148,1.750296241408725,1.762680709225512,sour_cherry
147.08827610914358,104.23260235716613,105.72367072189022,28.832156937799816,66.97236401405094,68.42541647697878,5.101535636978531,1.556352443155477,1.5450935655972244,sour_cherry
155.0786750816064,128.4992083830681,130.78505504842056,31.268808163800205,63.86389446534534,64.66651330125943,4.959532652131605,2.0120791169852006,2.0224541013853212,sour_cherry
147.45103139896227,112.31813068605256,114.56387596027204,29.445302206036583,64.43157995187308,65.25844840534249,5.007624997943927,1.74321552831621,1.7555409109434645,sour_cherry
147.17455825780792,104.13593053834953,105.66205037925714,28.78195094535852,66.97099996796754,68.40175316973514,5.113432322124842,1.554940654733513,1.5447272252958582,sour_cherry
155.08987247173405,128.53877290107945,130.82779601387654,31.238079697030805,63.79198300259976,64.59574312628997,4.964769728994431,2.014967506118144,2.02533154171007,sour_cherry
147.56726038316702,113.11949002684551,115.39660811962288,29.59774820558434,64.53898938679835,65.38468398554457,4.985759705710478,1.7527310405945782,1.7648874489495903,sour_cherry
146.89138176638176,103.74208055381835,105.22723403516086,28.925012302115874,67.2097714829819,68.67323145993917,5.078351574482705,1.5435565136549638,1.5322889544894305,sour_cherry
155.30219865447677,128.62656001421755,130.90868104895,31.337189377183474,64.12185235117467,64.9421951984735,4.955843256560587,2.005970746287419,2.015772344141934,sour_cherry
146.22929126722946,110.46615395621691,112.6930724471789,29.533256038344465,64.55750012429729,65.40275508838093,4.9513433627965995,1.7111281221163819,1.723063077310627,sour_cherry
145.8065586936153,101.56034221210905,103.0130415383929,28.731098311178616,66.92550897379441,68.38130254805446,5.074868949123511,1.5175131839770748,1.5064504140733679,sour_cherry
142.8532428412115,111.9219292693435,113.9721094912123,33.33141317071258,67.12115309191937,68.01957666105949,4.285844170769598,1.6674613607437807,1.675578048054218,sour_cherry
154.8669332239873,127.85177175389545,130.10788051308194,31.4680382403799,64.33763171388765,65.17666239623003,4.92140412570306,1.987200466477505,1.9962341692508587,sour_cherry
148.10320763257468,114.96011663319432,117.26264441817439,29.636076694556646,64.27916351626966,65.1038932916326,4.9973958820189335,1.7884507256242814,1.8011617814144676,sour_cherry
146.77754123960383,103.89467940090417,105.4069046140042,28.973568994878793,67.14571581301696,68.60617622222007,5.065911668167198,1.5473016877238055,1.53640547277528,sour_cherry
144.5288354037267,114.24744306418219,116.32584368530021,33.191517736920986,67.0910671726218,67.97553362786434,4.354390677439806,1.7028711552646718,1.7112898932450051,sour_cherry
155.42348388314693,128.4988075573804,130.77633363223055,31.369215068675327,64.2984422671872,65.12752986392533,4.954650077883196,1.9984746601389431,2.008003894903876,sour_cherry
144.90751309971367,108.49332109394784,110.67296735298127,29.48111294138081,64.38667555430852,65.21153560289459,4.915266034489355,1.685027533413128,1.6971378810479778,sour_cherry
145.19465048073474,100.76166409557294,102.17082899834972,28.754963259002675,66.76897116832757,68.19309988421107,5.049377012689343,1.5091091315687384,1.498257582832154,sour_cherry
140.36803307673475,106.42113188337653,108.4395199365822,33.49859915428616,67.5836977521708,68.54429865064104,4.190265760972115,1.5746568391925293,1.5820355897035363,sour_cherry
143.64110376127476,121.78502324008724,123.74643540874932,39.20145552907503,65.76925407515249,65.46298755981205,3.6641778174470767,1.851701451576861,1.8903267330365117,sour_cherry
154.51993971461155,127.02216858147997,129.26351323578598,31.574615905905528,64.58241026329843,65.42195835429368,4.893802672852501,1.966822979563918,1.975842920136345,sour_cherry
146.40294269126323,111.1679464369323,113.41512313887068,29.551647486023636,64.48761177968362,65.29862555128464,4.954138098747424,1.723865148188896,1.7368684590427712,sour_cherry
146.07125638991715,102.26237440507668,103.72797020976556,28.818818287730654,67.00027025553335,68.45111266393782,5.068606732292894,1.5262979390240765,1.5153584240335174,sour_cherry
142.6480063240648,110.93440777163744,112.95111541418274,33.369060816394516,67.34110762130166,68.29977594888827,4.274858291905553,1.6473505068477095,1.6537552846250774,sour_cherry
154.91491748437113,127.63924342709323,129.88530127985055,31.49277868164751,64.49780257735776,65.34618718351429,4.919061574412554,1.9789704195581628,1.9876492704170867,sour_cherry
190.69652586662218,122.44201553943235,89.27045283962973,19.17199647122502,43.260061607666685,70.97332676168652,9.946618034946747,2.8303708082961396,1.257802852321987,orange_sherbet
181.49799815907878,112.90942474429862,75.3935130055292,24.17624246367036,45.387809501586936,73.22382827928483,7.507287306198051,2.4876597038760124,1.0296308562011933,orange_sherbet
178.49743317870553,119.73972166998011,87.97715043074884,22.204971414198805,43.95320295052134,72.81000664180539,8.03862476781063,2.7242547444101537,1.2083112540225331,orange_sherbet
183.35100290680842,120.75972796442345,87.33190019571738,22.77462015887515,44.57748703047382,73.13888684809206,8.050672267100689,2.7089846469333354,1.1940556379686762,orange_sherbet
175.98472485768502,125.0858064516129,99.61790217162134,20.496985597350076,46.71439061162208,73.8857182887776,8.585883227650653,2.6776718012134957,1.348270064618864,orange_sherbet
169.98116289966123,119.57124968383691,94.01734646913212,25.711786681497784,45.75157712866291,70.36851556882016,6.611021046700724,2.6134891338844515,1.3360711919122905,orange_sherbet
170.3303986355643,126.85274959916862,106.05626025740284,26.19300100451047,45.01923969576913,67.68360811405874,6.502897419285143,2.817745267499267,1.5669415861914373,orange_sherbet
186.3592121059378,130.92362381405331,103.68481121056668,18.566852875624612,44.38568356528639,73.62326032781466,10.037199807329676,2.9496813679005136,1.408315941849085,orange_sherbet
190.99020046881014,122.82690760242102,89.85646713081202,19.03764957732917,42.76306060435944,70.21856515893244,10.032236368939644,2.872266527852301,1.2796682320043316,orange_sherbet
181.28674976290475,112.873068560848,75.57957690595545,24.145290395201368,45.07255016530199,72.79113306337261,7.508161914628853,2.5042529909421587,1.0383074658304219,orange_sherbet
183.33205345247862,120.64956862197556,87.25862319725873,22.734399244862136,44.265480775791524,72.68384138955959,8.064081723818182,2.725590381206431,1.2005229983592018,orange_sherbet
178.2921568627451,121.06995479542772,90.35873139270393,21.866156933128153,43.9274159250458,72.61789593470867,8.153794807565152,2.75613650941844,1.2443039037367067,orange_sherbet
176.1108322580645,124.25694193548387,98.2209376344086,20.73421249585121,46.67244691754426,73.83057899793319,8.493731425454582,2.66231899422388,1.3303557816762916,orange_sherbet
170.01599232583666,122.69112646029217,98.66434762883348,25.164417438183158,46.234997679993995,70.91857126908876,6.75620616863013,2.653641886379524,1.3912342826883521,orange_sherbet
169.949493731919,127.88007729172146,107.62678618392215,26.032526909595443,45.29415952035619,68.02675457406373,6.52835179320516,2.823323771671916,1.5821243694162144,orange_sherbet
186.69079478195889,131.63612881565194,104.67100104512447,18.3878410782456,44.09753603089601,73.09606340638918,10.152948026227515,2.9851130168230684,1.4319649536143884,orange_sherbet
191.65991640165495,121.83450860268805,87.7152373760472,19.71804821730733,43.2830900021031,71.09487852573005,9.720024735177757,2.8148292692774053,1.233777160816191,orange_sherbet
181.11467283970603,112.34154174895588,74.79631560203322,24.435012844184204,45.095391570681336,72.77300319393537,7.412096486080353,2.491197832773548,1.0278030632143331,orange_sherbet
178.41661532019262,118.7186522298328,86.40741482965932,22.584391027845385,43.81857528275023,72.65753361801431,7.899996732265845,2.7093225068083853,1.1892423335470326,orange_sherbet
183.26901405157702,120.20668502022399,86.53848401954595,23.003823877477636,44.35606753284267,72.78204347057857,7.966893462047859,2.710039273234018,1.1890087155155005,orange_sherbet
176.03466330979876,121.80211811066718,94.60492492656851,21.230396777207048,46.35138007272234,73.26985364985936,8.291633225564091,2.6277991705870996,1.2911848490740108,orange_sherbet
169.53022609875953,118.98317560462671,93.47637001939665,25.771833023338605,45.4239824104798,69.72033928680344,6.578120615062009,2.6193911077505176,1.3407331486852032,orange_sherbet
169.1233387682714,125.63958923310163,105.0281777701498,26.159563281290602,44.61009353439394,66.83090983623056,6.4650673617792735,2.816393763806721,1.5715509189912544,orange_sherbet
187.27551982984247,130.7043582147272,102.70761634451374,18.94339393540032,44.59571517966442,74.13734828554756,9.886059513331071,2.930872566751171,1.3853694355094126,orange_sherbet
166.372829817075,164.22873921995762,164.8960806899227,6.1483737299594,17.60581318387571,25.000276652225025,27.059648148319965,9.328097345163616,6.5957702382164225,orange_sherbet
191.16748649691357,123.77832203483246,91.11780065035273,19.125170789018288,43.37355866218829,71.13763169232772,9.99559630634422,2.8537737241915204,1.280866378071733,orange_sherbet
181.26255362335084,114.97872499392943,78.9006076794242,23.91499490261636,45.94668747380623,74.09476016364304,7.57945190293644,2.502437745038262,1.0648608282848495,orange_sherbet
183.3903690699529,121.4672753767864,88.42911768586886,22.725495836898542,44.6257594797224,73.21274153543119,8.069807162235325,2.7219094261461296,1.207837813901201,orange_sherbet
178.17006219888063,122.75368019316146,93.02325503766426,21.63589275436715,44.38618698573359,73.29198028146828,8.234929994414834,2.765582910571174,1.2692146491392453,orange_sherbet
176.32595255418943,126.62610629472965,101.67267857950318,20.389518308492104,46.807363917027196,74.050980292925,8.647872396316043,2.705260362860696,1.37300921847779,orange_sherbet
170.17195468570006,122.86562777980384,98.9607330095495,25.078128030993817,46.14421393204136,70.7752782152209,6.785672139299479,2.6626442908043364,1.3982387000813945,orange_sherbet
170.39528262333843,130.70418883252918,111.89617441269056,25.166063583075363,45.085493557541994,67.54120157815584,6.770835735229262,2.8990297880561786,1.6567098570671563,orange_sherbet
187.01027484292374,131.9271609477566,104.85475446356155,18.517009820111447,44.31718716949974,73.56691516193007,10.099377634925194,2.976884801898085,1.4252976930290333,orange_sherbet
191.11769218806697,123.70900765469217,90.9933475022895,19.14482254319147,43.29445112981075,71.069550967678,9.982735110597028,2.857387134526145,1.2803422318465572,orange_sherbet
181.16193953273017,114.79218130169814,78.59219944688466,23.98846307526716,45.89911867949708,74.00434342493895,7.55204445421573,2.500967003381162,1.0619944155926344,orange_sherbet
183.5847848626231,121.53393525718565,88.40774436956397,22.812608986916302,44.64699334951143,73.27074405741561,8.047513766089374,2.7221079436587767,1.2065899631138843,orange_sherbet
177.70074232112486,122.98604943478297,93.69336321361924,21.575689108182374,44.40116876598657,73.26246257101359,8.236156047212116,2.7698831551703704,1.2788726985910677,orange_sherbet
176.81719921850382,126.34712085880548,100.9637150480032,20.549933222428454,46.84919263158764,74.1571954099491,8.604271230697885,2.696890037196011,1.361482381984172,orange_sherbet
170.60567224374077,121.92537036297568,97.20906640578205,25.463997762670726,46.08379479895302,70.79964251555008,6.699877758151642,2.6457319952684477,1.3730163451663127,orange_sherbet
170.6341363294153,130.43551139688478,111.28498937082628,25.37569625854544,45.136610696063144,67.68171106380726,6.724313476598818,2.889794102512475,1.6442401886960545,orange_sherbet
187.33432521913755,132.21530299329697,105.10041249423323,18.567997581145736,44.3218512247296,73.6217827018932,10.089096812968139,2.983072668217585,1.4275722298086997,orange_sherbet
191.2744558418814,123.55385636449559,90.71233633558502,19.19902128782738,43.216542047867414,70.9249215518432,9.96271908730857,2.8589482293063875,1.2789909999305116,orange_sherbet
181.1983913033949,114.81618340017972,78.62070390652151,23.979607176385645,45.87910569265545,73.96731696169105,7.556353612073901,2.5025811132704807,1.0629113929769891,orange_sherbet
183.3341542950313,121.74596527360623,88.88355788209044,22.698585019467355,44.69261754345633,73.27916612574198,8.076897927240639,2.7240732802286196,1.2129444503990725,orange_sherbet
178.25072636871198,123.12280492208549,93.55522346601484,21.634262436513,44.40212501748423,73.35419775569837,8.239279101462278,2.7729034336443,1.275390179817585,orange_sherbet
176.21249287226075,127.19155710409848,102.57986619128113,20.252368434016816,46.76305470194869,73.96120874630863,8.700833852908092,2.7199154955717253,1.3869414512022946,orange_sherbet
170.0161606061189,122.94976828259908,99.18007230352094,25.064322313543826,46.118962041472535,70.70137638684575,6.783193995005742,2.6659266132667154,1.4028025672492248,orange_sherbet
170.2471873874183,130.7551714672934,111.99726715959582,25.173683935320128,45.0540582661132,67.48503503943809,6.762903189888378,2.90218409837764,1.6595867082849538,orange_sherbet
186.8866315251499,132.14726668851213,105.24623199604085,18.509776583688833,44.28145575057817,73.494835580328,10.096644369540256,2.9842575057344796,1.4320221436649025,orange_sherbet
191.3191784040028,122.92471274644899,89.82439051756481,19.288698659804776,43.06855043917716,70.68637158866758,9.918718819672781,2.8541641521009016,1.2707455270198849,orange_sherbet
181.05719708103825,113.37563740462893,76.50249849834499,24.25388984789472,45.45062234581753,73.31546975402581,7.465078724135227,2.4944793174006343,1.043470071937228,orange_sherbet
183.52095890611076,120.61956963171811,87.08074153068529,22.981388457854067,44.411300079863146,72.91525729968119,7.985634081364264,2.715965743286338,1.1942732530282936,orange_sherbet
177.78924418604652,122.16287471434333,92.40734921808487,21.73005473399388,44.26400020050714,73.11059278267176,8.181720955719364,2.759869739765266,1.2639392692762672,orange_sherbet
176.72262732240438,124.42777704918032,98.09556721311475,20.955949007954732,46.7690990087959,74.03062071549064,8.433052936677871,2.6604698334209753,1.3250674689073436,orange_sherbet
170.34659607270368,121.01221802986043,95.98919384939954,25.63339338114204,45.96849109360522,70.65991462093935,6.6454953325853525,2.6325035943303936,1.3584674474111822,orange_sherbet
169.99139169705234,127.86688785350287,107.8073784405227,25.945885008780465,45.0912844356409,67.67940145319673,6.551766942600908,2.8357339883721466,1.5929127049841925,orange_sherbet
187.43139583797293,131.61871042596303,104.21221444144761,18.663989457492722,44.30468477417374,73.55711254985238,10.042407935604999,2.9707628233185566,1.4167523823181496,orange_sherbet
169.0152449202506,162.00163315279926,160.02088093825864,9.433384477297462,24.60995319914705,38.673186813790174,17.91671327793386,6.582768843234291,4.1377733288118375,orange_sherbet
191.48701171631782,122.22481596521752,88.5810767057685,19.453971770430808,42.79958174446602,70.30330517423045,9.843080578916526,2.8557479064855857,1.259984526847505,orange_sherbet
180.96960205441476,112.42495841561043,74.95619777632949,24.459968182290194,45.133646837835244,72.78516640059337,7.39860333037729,2.4909345087834853,1.02982793724462,orange_sherbet
177.94368609769953,119.41826422417874,87.89628597462843,22.28466937682264,43.740835240704655,72.39429842344977,7.9850269747672975,2.7301322338044804,1.214132713331984,orange_sherbet
183.39540424269396,119.63117044948821,85.5156178608515,23.15645470905326,44.15913345914492,72.55929583189437,7.919839480911281,2.709092345758288,1.178561849042394,orange_sherbet
176.5263542010072,122.41627201109507,95.09047483715484,21.363693633191016,46.62505467057807,73.79836054352982,8.262913578144216,2.6255469913334757,1.288517443162791,orange_sherbet
169.88925111141276,118.7189758882818,92.58492763090915,26.114351645075157,45.67402541968453,70.34793301230827,6.505589471276488,2.5992667560480984,1.3161001847020897,orange_sherbet
169.38166109592586,125.81061892326082,104.95015075262104,26.350336111152878,44.93523135766515,67.57249082963611,6.428064537068066,2.79982132331449,1.5531490620528043,orange_sherbet
187.52565436867266,131.07273885917508,103.23056373381122,18.81531974029014,44.259525078779895,73.51806596118274,9.966647229869555,2.961458321702994,1.4041523315958362,orange_sherbet
166.96607442527332,164.79929952820856,165.384290066777,5.93918935087353,16.674788945289652,24.723838826892628,28.11260334724235,9.883141553930228,6.689264204670559,orange_sherbet
151.96768265747858,113.52551903878434,111.53146921106105,28.748583351227637,55.11184881656037,59.633259947494174,5.2860929111134505,2.059911279998131,1.870289655626108,strawberry_daquiry
164.4559976039981,120.6407910382377,116.7215515006303,22.410341984960507,57.840751553433634,64.55261007367913,7.338397500331047,2.0857403785078588,1.8081616121703912,strawberry_daquiry
152.37771164858665,115.65214075668679,113.86165773219085,28.621441128163934,55.26513805061193,59.78284416474045,5.323900741624246,2.0926780396490154,1.9045875003609438,strawberry_daquiry
164.05745660670152,120.1588902379447,116.23719754008852,22.40915297877526,57.762696297152566,64.44351151015437,7.321002126322574,2.0802160899796496,1.8037067629651593,strawberry_daquiry
151.98241890664485,113.07767755705237,111.0300002697866,28.66674977511484,55.188905221556844,59.746476464150575,5.301696917122373,2.0489204687626983,1.8583522718098273,strawberry_daquiry
163.95037631214103,120.1239426349052,116.13207835935108,22.205671827227512,57.71819320174148,64.39766685087416,7.383265752451276,2.081214535164639,1.803358476142908,strawberry_daquiry
151.84447228980488,114.03739092546671,112.10650411734431,28.656436455091747,55.25549677186085,59.774311650852304,5.298791164343283,2.0638198475765193,1.8754963632566704,strawberry_daquiry
164.01237038139843,120.44154719004989,116.53210846258571,22.243639949900352,57.736054918990334,64.40733199479763,7.373450152529248,2.0860716472409115,1.8092987995838479,strawberry_daquiry
150.75766907244054,111.30532859815939,108.9366097682056,28.758650532015515,55.43174116038558,59.86331000440918,5.242167705491251,2.0079709976294953,1.8197558698338259,strawberry_daquiry
162.2677535620788,118.32619237058819,114.41373737781134,22.134165469625472,57.11400200413463,63.74830769150916,7.3310987841288835,2.0717545298615607,1.794772936271224,strawberry_daquiry
159.01672902027218,131.21807555107452,129.41492494536595,29.302665019502296,58.288984689985035,63.13616853721172,5.426698524330094,2.25116419935892,2.049774763717097,strawberry_daquiry
150.63961628403277,111.8474544175729,109.52585408814106,28.771338502850544,55.44289969591055,59.84533901194658,5.235752805491063,2.017344962673782,1.8301484442468785,strawberry_daquiry
162.2826262799153,118.17014372964582,114.25471499310292,22.163435236658447,57.08970176935171,63.73069001791234,7.3220881396354525,2.069902978422718,1.792773857634213,strawberry_daquiry
159.07441710206754,131.94061621209215,130.21039849167545,29.17004208884023,57.94623257269195,62.74247051024153,5.453348905620046,2.2769489983076343,2.075315132361915,strawberry_daquiry
164.24662124472528,124.13379594859899,121.02375968542009,21.378528621374905,55.350345358614206,61.59898206871938,7.682784168808816,2.2426923471631053,1.964703889918292,strawberry_daquiry
152.1967990821741,115.09601032554137,112.99741718055357,28.670808870821496,55.7529160410395,60.18801330713844,5.308423622364765,2.0643944478315657,1.877407327002631,strawberry_daquiry
163.07704198058534,119.61988282381918,115.81025336858882,22.118091223771533,57.143547298357916,63.805227903433924,7.373016067739039,2.0933226668491507,1.8150590033760547,strawberry_daquiry
159.34951255946075,132.9095744137158,131.2711560486287,28.982570634412376,57.58035507833349,62.352100286416615,5.498115214468158,2.3082451338291143,2.1053205176029346,strawberry_daquiry
151.84816414686824,113.90066411013649,111.65293486725143,28.739774232890557,55.64376403448107,60.08274129245613,5.283554523302037,2.0469618848853406,1.858319585049798,strawberry_daquiry
163.28864228978912,119.5323940346658,115.65532732517933,22.13784138878468,57.176503633437946,63.83749401173917,7.375996576274744,2.090585930209991,1.8117147158676263,strawberry_daquiry
159.53924555922214,133.61564297043043,132.0526924273453,28.847737540112885,57.314349283324965,62.03990415141402,5.53039021993951,2.331277326554322,2.1285121928147843,strawberry_daquiry
152.19312362528905,115.51758784050533,113.67651288703401,28.707465505493985,55.409228261888366,59.89380032711008,5.301517251537326,2.084807738063386,1.897967941025441,strawberry_daquiry
164.37466674691885,121.26717249144075,117.39581703210914,22.363455460795194,57.80912676872498,64.46383365501407,7.350146180901243,2.0977167321103156,1.8211113173995657,strawberry_daquiry
151.11507884005303,112.9881570861963,110.92628609398476,28.755360095694236,55.166185152282246,59.65824287937167,5.255196886325227,2.0481415703170467,1.8593622731778494,strawberry_daquiry
163.9139967545945,120.26396863134099,116.28447344823435,22.37394134801432,57.786783253704385,64.42868638252317,7.326111846142916,2.081167385686441,1.8048555694250117,strawberry_daquiry
165.49951636761497,125.53410344522948,122.39663122294434,21.59015988808499,55.85289929109983,62.089460843004794,7.665506750552114,2.2475843696306264,1.9712947988456233,strawberry_daquiry
122.36982016063322,111.84878555077019,109.26932982190665,48.78738056426426,59.86463747283577,65.08098729075496,2.508226896901011,1.8683615281479453,1.6789746801740488,cappuchino
114.05245349979744,104.50661881666203,102.36407588912707,56.87500553333789,66.35482003306632,70.56607258646494,2.0053176686364345,1.5749665022764539,1.4506131932409854,cappuchino
121.02568446733532,110.12944891218136,107.30600985914079,48.6791731458364,59.852076913113734,65.1190504994932,2.4861902256383503,1.8400271902352603,1.6478435885666962,cappuchino
130.5404157585132,122.58074167818947,121.2166769525625,48.7194645466108,59.249807322058,64.01238387001082,2.679430428337791,2.0688800051600187,1.8936441610847636,cappuchino
114.03915876846314,104.49752969841103,102.34536114122726,56.97391263874491,66.46855534257159,70.69622962653781,2.001603075631341,1.5721348111124471,1.4476777853908216,cappuchino
122.12921115065244,111.30374901146698,108.55969256623172,48.771905642114106,59.9838696172374,65.25380919104745,2.50408938389307,1.855561332099887,1.6636529562342492,cappuchino
114.37659977666513,104.81825411932617,102.68910136613432,56.96571925755787,66.46271133298951,70.71543820669343,2.007814546491315,1.5770986770938196,1.4521454433469732,cappuchino
121.16527690998336,110.20045665270482,107.57413535535859,47.7326895140188,58.6520878637784,63.82202522461748,2.538412943909181,1.8788837817444688,1.6855330895056746,cappuchino
114.80413117371457,105.36354788024316,103.41242757537071,56.36786816395343,65.59925760441624,69.92168440241367,2.036694572868917,1.6061698215491684,1.478975062731769,cappuchino
121.90090172610324,111.05184416218857,108.52968266568962,47.797189506334384,58.698322879591004,63.86796974654479,2.5503780240038627,1.8919082984703217,1.699281863763346,cappuchino
115.10382895770113,105.67808421891709,103.74372304280398,56.3142321467406,65.52991704281584,69.85221302145834,2.043956289020682,1.6126692812668952,1.4851887800739296,cappuchino
121.68883190152583,110.73049365303244,108.14378766508527,47.71789184207646,58.65334701481842,63.843786463108785,2.550172004753647,1.8878802197776887,1.6938811692751745,cappuchino
114.99114108442626,105.547892491318,103.60042123079718,56.332193763573024,65.53102291714151,69.81727269754057,2.0413041531285936,1.610655347540881,1.4838795219001253,cappuchino
122.45652949693101,111.6156477497502,109.06408674728277,47.82556345842551,58.76451113706585,63.933983525996354,2.5604827343724192,1.8993716716099485,1.7058859894587353,cappuchino
115.48911374407582,106.09779462875197,104.15177725118484,56.34353196213417,65.57638851021116,69.89334129939058,2.0497315259130473,1.6179267727168456,1.4901530720222265,cappuchino
116.93541683944747,104.4933744321271,100.90401220062846,51.79311924766375,63.29012192310607,68.77267262265087,2.2577403820821647,1.6510218539171193,1.467210860835367,cappuchino
101.40245258310043,93.29352115523211,92.69177257466293,58.233360958104605,65.4551914542672,68.37957870387235,1.741312040293422,1.4253036173672373,1.3555475820650789,cappuchino
138.27361944656283,130.56601346198482,129.27838014080928,50.82083147798642,61.34491723135839,66.5009875673857,2.7208059259411668,2.128391712871069,1.9440069218492582,cappuchino
120.59989253250146,105.67590091098606,101.06550542064072,49.382945886763416,62.31104970021878,68.54960284124536,2.4421364575746582,1.6959415933353312,1.4743412249185341,cappuchino
104.13606059778651,94.59562718435998,93.62475881025193,56.65391063628785,64.93144311740606,68.03940094860145,1.838108957143825,1.4568539161114362,1.3760373769454297,cappuchino
129.39104394732666,123.81311280342695,124.20892590829763,54.97299994161794,62.4478063217255,65.6429576490712,2.3537199004009546,1.9826655265607391,1.8921896629387338,cappuchino
121.3517016150923,107.38843139250814,102.57831501085776,52.69986094884381,66.84078925594564,73.90214113139241,2.302694910957913,1.6066302117004954,1.388028999436989,cappuchino
142.7405899496806,133.75316395047994,131.8966150696361,49.813625358439175,61.725146569433186,67.49652491276781,2.8654929032483722,2.166915291161344,1.9541245307087836,cappuchino
116.8379654165731,104.17016393442623,100.30690994834943,51.92253170207298,63.72308477931296,69.22358338778427,2.2502362960068916,1.6347319702928755,1.4490279907418135,cappuchino
100.16837153258473,92.03639397357671,91.4136585824403,58.305974324096525,65.59301950178704,68.43890111564748,1.7179778349263848,1.4031431190794508,1.3356973459870471,cappuchino
114.85997939358258,102.4217953750041,98.34988551990318,53.621210796577586,66.26542653011289,72.44558521463392,2.142062398205182,1.5456294592544533,1.3575690668868614,cappuchino
136.6712767660075,128.6807567619877,127.18849001194769,51.34112899353817,62.067547405940935,67.27926497363194,2.662023205278736,2.073237338030707,1.8904559980225015,cappuchino
115.77480622813636,102.72897775338957,98.88886069003361,51.549118290859916,63.39583544662347,68.82533771227992,2.2459124436404605,1.6204373209953655,1.4368089424193222,cappuchino
100.48069831223629,92.39001687763714,91.61292616033755,58.7440806140749,66.15175097361661,68.85624303931876,1.710482098994012,1.3966375117490868,1.3304955675264496,cappuchino
112.33507001473103,99.32237762237762,95.25171100086354,53.057359832292654,65.55310086173063,71.81165542020656,2.1172382185960146,1.5151438500502914,1.3264101829082935,cappuchino
136.3337076958088,128.32058087263894,126.7213450154129,51.588618307308934,62.3842166641027,67.51160387513598,2.6427090348433198,2.056939843671669,1.8770305805471084,cappuchino
117.26104466845958,104.56452036618163,100.84927511710332,51.76824117936954,63.62536024403951,69.04566959664896,2.2651154838768206,1.6434409167212116,1.4606169468157044,cappuchino
101.26272095959595,93.21506313131313,92.49944023569023,58.92251420415925,66.35713174206603,69.09695488782548,1.7185743400007187,1.4047482265153566,1.3386905455653901,cappuchino
116.17226362568118,104.13444531194548,100.4947878959945,53.30446929401098,65.73956985761774,71.91345850863857,2.179409440977845,1.5840451274245544,1.39744061793277,cappuchino
136.65503177568442,128.71093180704057,127.14180258003542,51.47492514578757,62.25967444088776,67.37298579970533,2.6547883535264845,2.0673242024296923,1.8871332637389435,cappuchino
117.23755333964682,104.56244220377695,100.84679627875884,51.75832607638944,63.633288814083805,69.08587980260496,2.265095535868325,1.6432034891246168,1.4597309401993936,cappuchino
101.28299958018472,93.24291351805206,92.54304366078925,58.94571651272331,66.39986379819125,69.10223876612291,1.7182418939351258,1.4042636262243662,1.339219181798175,cappuchino
115.44127018250892,103.17557659727392,99.4331586749493,53.29388708657626,65.77660379274936,71.98867765713868,2.166125919750868,1.5685756127264068,1.381233298221156,cappuchino
137.40964901553136,129.64513304893927,128.19022725147292,51.232659407760316,61.93492329695072,67.03416356805856,2.6820713701759864,2.0932476565337437,1.9123118784248532,cappuchino
173.16775736031192,145.1275707604334,107.83882570147011,18.18621105349655,28.424750994546194,50.18840015697901,9.52192608184969,5.1056760633814795,2.1486802799884517,caramel_corn
168.31822102593947,146.35639497422682,115.78996404223479,22.839041893334635,29.914416158839483,50.23968087955758,7.369758408081978,4.8925038081005505,2.304751185020952,caramel_corn
164.39366925431986,129.0524473701671,94.26649036502023,22.635592922097313,40.54403021456117,67.9725324618338,7.262618205765466,3.183019711834632,1.3868321063063282,caramel_corn
171.12599195747595,149.20718800587358,123.37222895071183,18.5988916238217,33.334191752444504,58.11739719470045,9.200870429197812,4.4761003690731975,2.1228106368459625,caramel_corn
172.8789507829228,144.43355435686416,105.69127774342793,18.535433653922524,28.75768234193258,51.41587418703328,9.32694395020737,5.022433749685751,2.055615690962666,caramel_corn
168.57471090620513,147.59575239966745,117.30500592043937,22.80930139959752,30.404866587815242,51.44059207250066,7.39061262565366,4.854346325558833,2.2803976625134688,caramel_corn
163.54342598753857,126.03115106970742,88.2561172947795,23.300113241993134,40.55891987589948,68.13686611614463,7.018997044734911,3.107359649993944,1.2952770258664381,caramel_corn
170.65756666085133,148.53586561348837,121.94497183570259,18.954363863937928,33.8626113585681,59.232945852419206,9.003602963723827,4.386426789140851,2.0587355580715574,caramel_corn
173.33944518617415,145.38012757751076,107.3825248479454,18.489095009141554,29.012488719337366,51.90108335898988,9.37522605084078,5.010949904501374,2.0689842658042608,caramel_corn
168.75292651565638,148.00244031146798,118.18030804906388,22.702035154702852,30.37741557906147,51.48325506722502,7.4333831907884385,4.872120866446685,2.2955096350210993,caramel_corn
164.17086050884305,127.66063419315667,90.9005621168498,23.170728466258453,40.9079603019589,68.78442759348151,7.0852697077655975,3.120679526694553,1.3215282193533027,caramel_corn
170.6794542426024,149.01770527140897,122.96880854399373,18.850186950933665,33.76608411230679,59.09996043478257,9.05452315602358,4.413236215836357,2.080691892842993,caramel_corn
173.3006904308911,145.17097737253354,106.80240753371385,18.560447497816785,28.950773053206156,51.69618715092198,9.337096557142601,5.014407632768085,2.065962954326102,caramel_corn
168.69521010189905,147.94706786842613,118.15170400328292,22.6888926607269,30.39326217986373,51.50505613222476,7.43514514456231,4.867758748399329,2.2939826276465287,caramel_corn
164.2197474801787,127.78264036211127,90.97108682263,23.189432206618612,40.92391544114214,68.8422874127418,7.081663147979446,3.1224441499467868,1.3214419543792273,caramel_corn
170.5810590683642,148.75629758482341,122.48951653029633,18.91363283783702,33.81292390809449,59.0861273828522,9.018947366214812,4.399391723388127,2.073067265631033,caramel_corn
173.37920340126223,145.2484673844968,106.89532446885389,18.567782247325024,28.90805188974161,51.73108138344002,9.337636616577631,5.024498639288802,2.066365550654676,caramel_corn
168.60190999572572,148.11003480490933,118.6464822617085,22.67080545669953,30.406439424218952,51.51657988021644,7.436961616460856,4.871008826075789,2.3030737393200185,caramel_corn
164.35074493437278,127.88048965076379,90.97731764844193,23.21545972018035,40.88792031460247,68.78774918000154,7.079366375480762,3.1275860612820976,1.3225802375125757,caramel_corn
170.668644962896,149.09533432589174,123.23618050791968,18.85179672844079,33.72913839757963,58.98368545420766,9.053176597507893,4.420371862703456,2.089326557995343,caramel_corn
